{"headings":["before-we-begin","into-the-webr-verse","section","foundations","webassembly-2015","webassembly","section-1","why-wasm","section-2","section-3","origin-story","origin-story-1","origin-story-2","origin-story-3","now","section-4","great-power","great-power-1","great-power-2","great-power-3","great-power-4","web-slinging-101","web-slinging-101-1","section-5","web-slinging-101-2","dive-into-the-spider-verse","dive-into-the-spider-verse-1","dive-into-the-spider-verse-2","thank-you"],"entries":[]}